alias 		Brian O'Hora		<brian.ohora@tcd.ie>
alias 		Paul Jones		<paul.jones@tcd.ie>
alias 		Trinity Linux Users Group		<tcd-linux-users@tcd.ie>
alias kate	John Looney		<valen@tuatha.org>
alias bob	James Dunne		<bob@netsoc.tcd.ie>
alias iedowse	Ian Dowse		<iedowse@maths.tcd.ie>
alias jtang	Jimmy Tang		<jtang@tchpc.tcd.ie>
alias jtang	Jimmy Tang		<jtang@maths.tcd.ie>
alias 		Rowan Constable		<rconstable@gmail.com>
alias 		Tom Hayes		<thayes@tcd.ie>
alias 		Dave O'Riordan		<deadrockboy@yahoo.com>
alias 		Helen Murphy		<emurph@indigo.ie>
alias 		R들s뇵 McCarthy		<roisinmc@eircom.net>
alias 		Orlaith O'Brien		<orlaith@infocad.ie>
alias eof	Eamon Phelan		<eof@netsoc.tcd.ie>
alias ciara	Ciara Brennan		<cbrennan@gmail.com>
alias ciara	Ciara Brennan		<ciara.brennan5@ucd.ie>
alias andyw	Andy Wilson		<andy_w@irishbroadband.ie>
alias whyted	Dave Whyte		<dw@lesinge.org>
alias lotje	Lotje Dujardin		<lotje@designstrat.com>
alias wendy	Wendy Verbruggen		<wendy@netsoc.tcd.ie>
alias 		Catherine Collins		<catherinecollins@mac.com>
alias ianoc	Ian O'Connell		<ianoconnell@gmail.com>
alias ianoc	Ian O'Connell		<ianoc@maths.tcd.ie>
alias neill	Neill O'Reilly		<Niall.oReilly@ucd.ie>
alias 		Dermot Sheehan		<dermot.sheehan@gmail.com>
alias edsko	Edsko de Vries		<edsko@netsoc.tcd.ie>
alias edsko	Edsko de Vries		<edsko@edsko.net>
alias 		Stephen Barrett		<Stephen.Barrett@cs.tcd.ie>
alias 		David Collins		<collinda@tcd.ie>
alias sara	Sara McAneney		<sara.mcaneney@tcd.ie>
alias 		Nick Hilliard		<nick@netability.ie>
alias 		Nick Hilliard		<nick@inex.ie>
alias 		Colm Buckley		<colm@google.ie>
alias 		Colm Buckley		<colm@tuatha.org>
alias daveb	David Burke		<dave@compsoc.com>
alias 		Ken Gordon		<gordon@tcd.ie>
alias pinky	Emma Curley		<pinky@netsoc.tcd.ie>
alias pinky	Emma Curley		<curley@tcd.ie>
alias pinky	Emma Curley		<pinky@maths.tcd.ie>
alias 		Brian Daly		<brian.daly@cp.net>
alias bbrazil	Brian Brazil		<bbrazil@netsoc.tcd.ie>
alias bbrazil	Brian Brazil		<bbrazil@maths.tcd.ie>
alias nops	Maths Dept Operations		<nops@maths.tcd.ie>
alias 		Yvonne McGovern		<yallen@eircom.net>
alias 		Michelle Samuel		<samuel.michelle@gmail.com>
alias 		Michelle Samuel		<msamuel@kerridge.ie>
alias 		Gary Coady		<gary@lyranthe.org>
alias 		Gary Coady		<gary.coady@cp.net>
alias 		Graham Mooney		<gom@maths.tcd.ie>
alias tobinjt	John Tobin		<tobinjt@netsoc.tcd.ie>
alias tobinjt	John Tobin		<John.Tobin@cs.tcd.ie>
alias dfrost	Dermot Frost		<dfrost@maths.tcd.ie>
alias leah	Leah Kennedy		<magenta@redbrick.dcu.ie>
alias leah	Leah Kennedy		<karatsu_leah@jp-q.ne.jp>
alias odoh	O'Dowd O'Herlihy		<info@odoh.net>
alias colmmacc	Colm MacCrthaigh		<colm@stdlib.net>
alias colmmacc	Colm MacCrthaigh		<colm.maccarthaigh@heanet.ie>
alias colmmacc	Colm MacCrthaigh		<colm@apache.org>
alias lbedford	Liam Bedford		<lbedford@lbedford.org>
alias dwmalone	David Malone		<dwmalone@maths.tcd.ie>
alias eman	Emmanuel Stone		<eman@netsoc.tcd.ie>
alias dredg	Niall Sheridan		<niall@evil.ie>
alias 		Gerry O'Brien		<gerry.m.obrien@aib.ie>
alias 		Gerry O'Brien		<gerry.obrien@dit.ie>
alias 		Gerry O'Brien		<gerry@infocad.ie>
alias shonagh	Shonagh Hurley		<shonagh.hurley@gmail.com>
alias shonagh	Shonagh Hurley		<shurley@cs.tcd.ie>
alias bboyle	Brian Boyle		<brian.boyle@heanet.ie>
alias designstrat	Design Strategies		<info@designstrat.com>
alias designstrat	Design Strategies		<ds-office@designstrat.com>
alias turnip	Vivian Hunt		<turnip@netsoc.tcd.ie>
alias 		Maths Dept Office		<mathsdep@maths.tcd.ie>
alias cian	Cian Blackwell		<cian@cianblackwell.com>
alias cian	Cian Blackwell		<cian@cianb.com>
alias 		Cieran Perry		<cieran.perry@tcd.ie>
alias 		Clare Cotter		<clarecotter@hotmail.com>
alias eavan	Eavan Blackwell		<eavan@eavan.com>
alias 		Nicholas McGovern		<nickmcgov@hotmail.com>
alias kehoea	Aidan Kehoe		<kehoea@parhasard.net>
alias mark	Mark Cummins		<mcummins@gmail.com>
alias mark	Mark Cummins		<mark.cummins@balliol.oxford.ac.uk>
alias doey	Donal O'Callahan		<donal.ocallahan@cp.net>
alias eoin	Eoin Lawless		<eoin@maths.tcd.ie>
alias 		Vinny Cahill		<vinny.cahill@cs.tcd.ie>
alias oran	Oran Blackwell		<oranblackwell@gmail.com>
alias 		John Butler		<butler@maths.tcd.ie>
alias paulr	Paul Reilly		<paul@third-rock.net>
alias paulr	Paul Reilly		<paulr@maths.tcd.ie>
alias 		Ois뇵 O'Brien		<oisin@infocad.ie>
alias 		Meriel Huggard		<Meriel.Huggard@cs.tcd.ie>
alias 		Katrina McCall		<katrina.mccall@tcd.ie>
alias 		Kevin Brennan		<kbrennan@Citco.com>
alias 		Kevin Brennan		<kbrennan@eircom.net>
alias 		Arkaitz Bitorika		<Arkaitz.Bitorika@cs.tcd.ie>
alias lainey	Lorraine Murphy		<laineymurphey@hotmail.com>
alias donalc	Donal Cunningham		<donalc@donal.cunningham.name>
alias donalc	Donal Cunningham		<donal@ie.sage.org>
alias 		Christian De Chenu		<z@maths.tcd.ie>
alias Andy	Andrew Barnes		<andrewbarnes@ramsesit.com>
alias Andy	Andrew Barnes		<andrewbarnes@ie.sage.org>
alias 		Conall O'Brien		<conall@infocad.ie>
alias 		Aaron Clauson		<aaron.clauson@blueface.ie>
alias 		Nithin Santhosh		<dude@netsoc.tcd.ie>
alias 		Nithin Santhosh		<me@thereagain.com>
alias niallm	Niall Richard Murphy		<niallm@maths.tcd.ie>
alias richardt	Richard Timoney		<richardt@maths.tcd.ie>
alias 		Jim Horan		<jim@designstrat.com>
alias 		Jim Horan		<jhoran@dit.ie>
alias 		Mike Brady		<brady@cs.tcd.ie>
alias noirin	N들r뇵 Plunkett		<noirin@nerdchic.net>
alias noirin	N들r뇵 Plunkett		<firebird@netsoc.tcd.ie>
alias noirin	N들r뇵 Plunkett		<noirin@apache.org>
alias noirin	N들r뇵 Plunkett		<plunkett@maths.tcd.ie>
alias patricia	Patricia O'Callaghan		<patricia@designstrat.com>
alias 		Tim Scott		<tim_scott@mgn.co.nz>
alias 		Conor Nolan		<conor.nolan@tcd.ie>
alias steph	Stephane Dudzinski		<frlinux@gmail.com>
alias steph	Stephane Dudzinski		<stephane@cp.dias.ie>
alias steph	Stephane Dudzinski		<frlinux@frlinux.net>
alias denise	Denise O'Connell		<deoconne@gmail.com>
alias 		Paul O'Riordan		< i_eat_clowns@netsoc.dit.ie>
alias 		Claire Davenport		<ml1cd@bath.ac.uk>
alias 		Vicki Clarke McDermot		<vickicmcd_22@hotmail.com>
alias 		Jerry Connolly		<jerry@nologin.net>
alias 		Rachael Holt		<rachael.holt@heanet.ie>
alias 		Rachael Holt		<rachael.holt@gmail.com>
alias 		Conall O'Brien		<conall@conall.net>
alias 		Conall O'Brien		<conallob@maths.tcd.ie>
alias 		Conall O'Brien		<conallob@mac.com>
alias colin	Colin Whittaker		<colin@netech.ie>
alias colin	Colin Whittaker		<colin@magnet.ie>
alias pmcgaley	Paul McGaley		<paul@mobileaware.com>
alias 		Conall O'Brien		<conall@conall.ie>
alias 		Conall O'Brien		<conall@asclepian.ie>
